height1,weight1,reach1,stance1,age1,slpm1,str_acc1,sapm1,str_def1,td_avg1,td_acc1,td_def1,sub_avg1,height2,weight2,reach2,stance2,age2,slpm2,str_acc2,sapm2,str_def2,td_avg2,td_acc2,td_def2,sub_avg2,result
0,0,0,0,25,5.62,49,3.31,0,1.09,41,89,0.0,0,0,0,0,25,3.15,48,3.64,0,2.12,37,53,0.5,1
0,0,0,0,25,3.15,48,3.64,0,2.12,37,53,0.5,0,0,0,0,25,5.62,49,3.31,0,1.09,41,89,0.0,0
0,0,0,0,25,3.53,46,2.38,0,0.0,0,50,0.0,0,0,0,0,25,5.27,49,4.29,0,0.36,23,62,0.4,1
0,0,0,0,25,5.27,49,4.29,0,0.36,23,62,0.4,0,0,0,0,25,3.53,46,2.38,0,0.0,0,50,0.0,0
0,0,0,0,25,2.59,46,2.89,0,0.75,66,33,0.0,0,0,0,0,25,3.14,45,3.14,0,2.26,41,46,1.3,1
0,0,0,0,25,3.14,45,3.14,0,2.26,41,46,1.3,0,0,0,0,25,2.59,46,2.89,0,0.75,66,33,0.0,0
0,0,0,0,25,4.44,49,3.09,0,1.96,38,58,1.2,0,0,0,0,25,6.21,48,6.27,0,1.78,43,61,0.7,1
0,0,0,0,25,6.21,48,6.27,0,1.78,43,61,0.7,0,0,0,0,25,4.44,49,3.09,0,1.96,38,58,1.2,0
0,0,0,0,25,5.6,45,6.19,0,0.71,50,50,0.5,0,0,0,0,25,1.49,48,1.38,0,3.44,66,0,1.7,1
0,0,0,0,25,1.49,48,1.38,0,3.44,66,0,1.7,0,0,0,0,25,5.6,45,6.19,0,0.71,50,50,0.5,0
0,0,0,0,25,5.67,55,3.91,0,1.83,32,62,0.0,0,0,0,0,25,2.48,42,4.08,0,1.31,35,52,1.1,1
0,0,0,0,25,2.48,42,4.08,0,1.31,35,52,1.1,0,0,0,0,25,5.67,55,3.91,0,1.83,32,62,0.0,0
0,0,0,0,25,7.49,67,3.46,0,2.51,42,66,1.7,0,0,0,0,25,4.82,43,6.06,0,3.24,55,46,0.7,1
0,0,0,0,25,4.82,43,6.06,0,3.24,55,46,0.7,0,0,0,0,25,7.49,67,3.46,0,2.51,42,66,1.7,0
0,0,0,0,25,3.69,52,3.4,0,1.91,50,83,1.3,0,0,0,0,25,1.68,43,1.42,0,1.53,36,58,0.4,1
0,0,0,0,25,1.68,43,1.42,0,1.53,36,58,0.4,0,0,0,0,25,3.69,52,3.4,0,1.91,50,83,1.3,0
0,0,0,0,25,4.59,50,3.04,0,1.19,36,67,0.8,0,0,0,0,25,3.41,53,3.26,0,0.46,60,53,0.0,1
0,0,0,0,25,3.41,53,3.26,0,0.46,60,53,0.0,0,0,0,0,25,4.59,50,3.04,0,1.19,36,67,0.8,0
0,0,0,0,25,4.27,46,3.29,0,1.9,33,100,2.9,0,0,0,0,25,3.83,45,3.5,0,1.56,21,65,0.2,1
0,0,0,0,25,3.83,45,3.5,0,1.56,21,65,0.2,0,0,0,0,25,4.27,46,3.29,0,1.9,33,100,2.9,0
0,0,0,0,25,4.78,48,3.48,0,0.54,13,62,0.1,0,0,0,0,25,3.29,39,4.06,0,2.33,37,71,0.2,1
0,0,0,0,25,3.29,39,4.06,0,2.33,37,71,0.2,0,0,0,0,25,4.78,48,3.48,0,0.54,13,62,0.1,0
0,0,0,0,25,6.84,52,4.53,0,0.16,11,69,0.2,0,0,0,0,25,4.46,43,3.78,0,2.24,38,90,0.1,1
0,0,0,0,25,4.46,43,3.78,0,2.24,38,90,0.1,0,0,0,0,25,6.84,52,4.53,0,0.16,11,69,0.2,0
0,0,0,0,25,3.14,52,2.06,0,2.62,60,75,0.3,0,0,0,0,25,5.58,41,3.59,0,1.06,29,87,0.0,1
0,0,0,0,25,5.58,41,3.59,0,1.06,29,87,0.0,0,0,0,0,25,3.14,52,2.06,0,2.62,60,75,0.3,0
0,0,0,0,25,4.42,46,4.13,0,0.14,14,83,0.0,0,0,0,0,25,3.65,46,3.81,0,0.47,51,92,0.1,1
0,0,0,0,25,3.65,46,3.81,0,0.47,51,92,0.1,0,0,0,0,25,4.42,46,4.13,0,0.14,14,83,0.0,0
0,0,0,0,25,5.04,46,2.46,0,0.34,25,92,0.0,0,0,0,0,25,4.11,41,3.73,0,0.41,35,54,0.6,1
0,0,0,0,25,4.11,41,3.73,0,0.41,35,54,0.6,0,0,0,0,25,5.04,46,2.46,0,0.34,25,92,0.0,0
0,0,0,0,25,5.39,55,4.61,0,4.19,39,70,1.5,0,0,0,0,25,2.87,35,5.19,0,0.0,0,40,0.0,1
0,0,0,0,25,2.87,35,5.19,0,0.0,0,40,0.0,0,0,0,0,25,5.39,55,4.61,0,4.19,39,70,1.5,0
0,0,0,0,25,4.09,47,2.96,0,2.08,56,16,0.7,0,0,0,0,25,3.11,49,3.66,0,0.49,12,100,0.0,1
0,0,0,0,25,3.11,49,3.66,0,0.49,12,100,0.0,0,0,0,0,25,4.09,47,2.96,0,2.08,56,16,0.7,0
0,0,0,0,25,3.71,45,3.63,0,2.61,44,75,0.6,0,0,0,0,25,6.39,50,5.49,0,2.21,54,71,0.3,1
0,0,0,0,25,6.39,50,5.49,0,2.21,54,71,0.3,0,0,0,0,25,3.71,45,3.63,0,2.61,44,75,0.6,0
0,0,0,0,25,3.26,42,4.07,0,0.31,66,77,0.2,0,0,0,0,25,4.26,43,3.34,0,3.77,49,75,0.1,1
0,0,0,0,25,4.26,43,3.34,0,3.77,49,75,0.1,0,0,0,0,25,3.26,42,4.07,0,0.31,66,77,0.2,0
0,0,0,0,25,6.43,52,2.49,0,1.2,30,78,0.0,0,0,0,0,25,2.5,44,5.17,0,0.5,20,64,0.0,1
0,0,0,0,25,2.5,44,5.17,0,0.5,20,64,0.0,0,0,0,0,25,6.43,52,2.49,0,1.2,30,78,0.0,0
0,0,0,0,25,6.02,47,5.57,0,0.21,25,67,0.1,0,0,0,0,25,3.86,48,5.35,0,0.77,22,74,0.0,1
0,0,0,0,25,3.86,48,5.35,0,0.77,22,74,0.0,0,0,0,0,25,6.02,47,5.57,0,0.21,25,67,0.1,0
0,0,0,0,25,4.74,40,4.96,0,3.03,39,73,0.0,0,0,0,0,25,3.38,49,3.82,0,0.63,66,72,0.3,1
0,0,0,0,25,3.38,49,3.82,0,0.63,66,72,0.3,0,0,0,0,25,4.74,40,4.96,0,3.03,39,73,0.0,0
0,0,0,0,25,0.68,40,4.29,0,0.0,0,0,0.0,0,0,0,0,25,4.81,52,4.75,0,1.86,34,61,0.0,1
0,0,0,0,25,4.81,52,4.75,0,1.86,34,61,0.0,0,0,0,0,25,0.68,40,4.29,0,0.0,0,0,0.0,0
0,0,0,0,25,5.06,45,3.34,0,1.28,34,63,0.3,0,0,0,0,25,2.82,54,3.64,0,1.69,35,58,1.4,1
0,0,0,0,25,2.82,54,3.64,0,1.69,35,58,1.4,0,0,0,0,25,5.06,45,3.34,0,1.28,34,63,0.3,0
0,0,0,0,25,3.25,60,2.21,0,4.74,38,66,1.4,0,0,0,0,25,2.36,59,2.11,0,3.34,53,100,2.9,1
0,0,0,0,25,2.36,59,2.11,0,3.34,53,100,2.9,0,0,0,0,25,3.25,60,2.21,0,4.74,38,66,1.4,0
0,0,0,0,25,7.39,48,5.39,0,0.55,54,63,0.1,0,0,0,0,25,4.78,41,4.68,0,0.6,27,71,0.0,1
0,0,0,0,25,4.78,41,4.68,0,0.6,27,71,0.0,0,0,0,0,25,7.39,48,5.39,0,0.55,54,63,0.1,0
0,0,0,0,25,3.22,53,1.39,0,3.24,62,68,0.4,0,0,0,0,25,5.11,53,3.88,0,0.99,46,84,0.0,1
0,0,0,0,25,5.11,53,3.88,0,0.99,46,84,0.0,0,0,0,0,25,3.22,53,1.39,0,3.24,62,68,0.4,0
0,0,0,0,25,4.49,39,4.26,0,1.58,25,20,1.3,0,0,0,0,25,5.1,39,4.13,0,0.0,0,57,0.0,1
0,0,0,0,25,5.1,39,4.13,0,0.0,0,57,0.0,0,0,0,0,25,4.49,39,4.26,0,1.58,25,20,1.3,0
0,0,0,0,25,5.56,41,4.46,0,4.24,52,80,0.0,0,0,0,0,25,3.15,40,3.14,0,1.11,38,62,0.4,1
0,0,0,0,25,3.15,40,3.14,0,1.11,38,62,0.4,0,0,0,0,25,5.56,41,4.46,0,4.24,52,80,0.0,0
0,0,0,0,25,4.42,58,3.07,0,0.87,50,53,0.1,0,0,0,0,25,2.62,44,3.05,0,1.97,30,56,1.2,1
0,0,0,0,25,2.62,44,3.05,0,1.97,30,56,1.2,0,0,0,0,25,4.42,58,3.07,0,0.87,50,53,0.1,0
0,0,0,0,25,7.59,61,4.48,0,2.59,33,100,0.0,0,0,0,0,25,5.76,71,2.51,0,1.57,14,100,1.6,1
0,0,0,0,25,5.76,71,2.51,0,1.57,14,100,1.6,0,0,0,0,25,7.59,61,4.48,0,2.59,33,100,0.0,0
0,0,0,0,25,2.86,48,2.86,0,2.74,40,41,0.9,0,0,0,0,25,4.51,46,3.01,0,0.27,50,61,0.3,1
0,0,0,0,25,4.51,46,3.01,0,0.27,50,61,0.3,0,0,0,0,25,2.86,48,2.86,0,2.74,40,41,0.9,0
0,0,0,0,25,2.7,37,4.53,0,3.15,35,100,0.5,0,0,0,0,25,3.28,49,2.4,0,0.66,100,42,0.0,1
0,0,0,0,25,3.28,49,2.4,0,0.66,100,42,0.0,0,0,0,0,25,2.7,37,4.53,0,3.15,35,100,0.5,0
0,0,0,0,25,3.74,59,2.94,0,4.42,66,100,0.6,0,0,0,0,25,3.22,43,3.61,0,0.59,38,46,0.0,1
0,0,0,0,25,3.22,43,3.61,0,0.59,38,46,0.0,0,0,0,0,25,3.74,59,2.94,0,4.42,66,100,0.6,0
0,0,0,0,25,2.73,44,3.78,0,2.2,38,44,1.3,0,0,0,0,25,1.91,41,2.05,0,2.12,38,61,0.8,1
0,0,0,0,25,1.91,41,2.05,0,2.12,38,61,0.8,0,0,0,0,25,2.73,44,3.78,0,2.2,38,44,1.3,0
0,0,0,0,25,4.77,54,2.77,0,1.02,33,73,0.4,0,0,0,0,25,3.6,54,4.79,0,0.25,100,83,0.0,1
0,0,0,0,25,3.6,54,4.79,0,0.25,100,83,0.0,0,0,0,0,25,4.77,54,2.77,0,1.02,33,73,0.4,0
0,0,0,0,25,10.91,64,4.55,0,0.0,0,50,0.0,0,0,0,0,25,3.19,49,5.04,0,0.44,22,50,0.6,1
0,0,0,0,25,3.19,49,5.04,0,0.44,22,50,0.6,0,0,0,0,25,10.91,64,4.55,0,0.0,0,50,0.0,0
0,0,0,0,25,5.24,50,4.73,0,1.08,30,52,0.5,0,0,0,0,25,3.82,42,3.48,0,0.19,33,65,0.2,1
0,0,0,0,25,3.82,42,3.48,0,0.19,33,65,0.2,0,0,0,0,25,5.24,50,4.73,0,1.08,30,52,0.5,0
0,0,0,0,25,3.21,48,3.68,0,2.65,57,100,0.2,0,0,0,0,25,4.5,52,4.33,0,1.14,52,76,0.7,1
0,0,0,0,25,4.5,52,4.33,0,1.14,52,76,0.7,0,0,0,0,25,3.21,48,3.68,0,2.65,57,100,0.2,0
0,0,0,0,25,4.47,47,3.26,0,0.79,39,73,0.6,0,0,0,0,25,4.05,43,3.69,0,0.98,27,58,0.1,1
0,0,0,0,25,4.05,43,3.69,0,0.98,27,58,0.1,0,0,0,0,25,4.47,47,3.26,0,0.79,39,73,0.6,0
0,0,0,0,25,7.76,62,5.78,0,1.14,33,100,1.1,0,0,0,0,25,2.04,49,2.33,0,4.02,49,35,1.2,1
0,0,0,0,25,2.04,49,2.33,0,4.02,49,35,1.2,0,0,0,0,25,7.76,62,5.78,0,1.14,33,100,1.1,0
0,0,0,0,25,4.13,40,4.17,0,0.49,40,43,1.2,0,0,0,0,25,1.67,50,4.7,0,2.36,33,0,3.5,1
0,0,0,0,25,1.67,50,4.7,0,2.36,33,0,3.5,0,0,0,0,25,4.13,40,4.17,0,0.49,40,43,1.2,0
0,0,0,0,25,5.66,50,4.94,0,0.48,15,40,0.5,0,0,0,0,25,4.83,48,6.53,0,0.0,0,64,0.0,1
0,0,0,0,25,4.83,48,6.53,0,0.0,0,64,0.0,0,0,0,0,25,5.66,50,4.94,0,0.48,15,40,0.5,0
0,0,0,0,25,4.59,58,2.65,0,0.24,25,70,0.1,0,0,0,0,25,4.42,50,4.94,0,1.68,37,73,0.1,1
0,0,0,0,25,4.42,50,4.94,0,1.68,37,73,0.1,0,0,0,0,25,4.59,58,2.65,0,0.24,25,70,0.1,0
0,0,0,0,25,4.7,46,4.15,0,1.56,36,71,1.6,0,0,0,0,25,2.82,32,5.12,0,1.74,43,75,0.0,1
0,0,0,0,25,2.82,32,5.12,0,1.74,43,75,0.0,0,0,0,0,25,4.7,46,4.15,0,1.56,36,71,1.6,0
0,0,0,0,25,5.82,61,6.27,0,0.0,0,100,0.0,0,0,0,0,25,5.3,46,4.14,0,0.89,28,47,0.7,1
0,0,0,0,25,5.3,46,4.14,0,0.89,28,47,0.7,0,0,0,0,25,5.82,61,6.27,0,0.0,0,100,0.0,0
0,0,0,0,25,2.68,53,1.43,0,2.22,37,0,4.8,0,0,0,0,25,2.74,40,2.5,0,0.75,33,35,1.7,1
0,0,0,0,25,2.74,40,2.5,0,0.75,33,35,1.7,0,0,0,0,25,2.68,53,1.43,0,2.22,37,0,4.8,0
0,0,0,0,25,3.12,42,4.3,0,1.11,26,80,0.0,0,0,0,0,25,4.56,49,6.44,0,0.0,0,71,0.0,1
0,0,0,0,25,4.56,49,6.44,0,0.0,0,71,0.0,0,0,0,0,25,3.12,42,4.3,0,1.11,26,80,0.0,0
0,0,0,0,25,4.62,53,3.2,0,1.31,41,61,0.6,0,0,0,0,25,3.55,45,4.44,0,0.87,60,28,0.0,1
0,0,0,0,25,3.55,45,4.44,0,0.87,60,28,0.0,0,0,0,0,25,4.62,53,3.2,0,1.31,41,61,0.6,0
0,0,0,0,25,6.18,56,3.36,0,1.67,34,70,0.2,0,0,0,0,25,3.7,47,4.76,0,0.35,40,67,1.9,1
0,0,0,0,25,3.7,47,4.76,0,0.35,40,67,1.9,0,0,0,0,25,6.18,56,3.36,0,1.67,34,70,0.2,0
0,0,0,0,25,5.19,53,3.14,0,0.96,28,50,1.7,0,0,0,0,25,4.04,49,4.52,0,1.96,41,61,0.6,1
0,0,0,0,25,4.04,49,4.52,0,1.96,41,61,0.6,0,0,0,0,25,5.19,53,3.14,0,0.96,28,50,1.7,0
0,0,0,0,25,4.65,46,3.78,0,0.71,29,59,0.6,0,0,0,0,25,2.45,40,4.48,0,0.69,20,88,0.7,1
0,0,0,0,25,2.45,40,4.48,0,0.69,20,88,0.7,0,0,0,0,25,4.65,46,3.78,0,0.71,29,59,0.6,0
0,0,0,0,25,4.87,52,4.13,0,0.6,50,86,0.9,0,0,0,0,25,2.44,59,1.64,0,3.27,36,33,1.3,1
0,0,0,0,25,2.44,59,1.64,0,3.27,36,33,1.3,0,0,0,0,25,4.87,52,4.13,0,0.6,50,86,0.9,0
0,0,0,0,25,5.58,54,3.54,0,0.31,28,82,0.3,0,0,0,0,25,4.33,54,2.49,0,2.24,38,53,1.4,1
0,0,0,0,25,4.33,54,2.49,0,2.24,38,53,1.4,0,0,0,0,25,5.58,54,3.54,0,0.31,28,82,0.3,0
0,0,0,0,25,3.67,45,3.55,0,0.94,25,58,0.2,0,0,0,0,25,5.57,46,4.18,0,0.58,55,84,0.3,1
0,0,0,0,25,5.57,46,4.18,0,0.58,55,84,0.3,0,0,0,0,25,3.67,45,3.55,0,0.94,25,58,0.2,0
0,0,0,0,25,1.97,38,2.55,0,2.37,33,73,1.8,0,0,0,0,25,4.69,45,3.23,0,0.84,73,64,0.0,1
0,0,0,0,25,4.69,45,3.23,0,0.84,73,64,0.0,0,0,0,0,25,1.97,38,2.55,0,2.37,33,73,1.8,0
0,0,0,0,25,4.53,51,2.96,0,2.59,34,55,2.2,0,0,0,0,25,2.92,42,3.44,0,1.5,45,48,1.7,1
0,0,0,0,25,2.92,42,3.44,0,1.5,45,48,1.7,0,0,0,0,25,4.53,51,2.96,0,2.59,34,55,2.2,0
0,0,0,0,25,6.21,48,6.27,0,1.78,43,61,0.7,0,0,0,0,25,3.4,38,3.34,0,2.87,34,56,1.1,1
0,0,0,0,25,3.4,38,3.34,0,2.87,34,56,1.1,0,0,0,0,25,6.21,48,6.27,0,1.78,43,61,0.7,0
0,0,0,0,25,5.27,51,4.51,0,1.05,43,48,0.0,0,0,0,0,25,2.1,45,2.5,0,1.25,35,40,0.2,1
0,0,0,0,25,2.1,45,2.5,0,1.25,35,40,0.2,0,0,0,0,25,5.27,51,4.51,0,1.05,43,48,0.0,0
0,0,0,0,25,4.4,51,2.63,0,0.18,25,67,0.7,0,0,0,0,25,1.62,33,3.2,0,3.54,37,50,0.0,1
0,0,0,0,25,1.62,33,3.2,0,3.54,37,50,0.0,0,0,0,0,25,4.4,51,2.63,0,0.18,25,67,0.7,0
0,0,0,0,25,7.54,60,2.53,0,0.88,20,0,0.4,0,0,0,0,25,2.77,46,8.16,0,2.62,75,83,1.3,1
0,0,0,0,25,2.77,46,8.16,0,2.62,75,83,1.3,0,0,0,0,25,7.54,60,2.53,0,0.88,20,0,0.4,0
0,0,0,0,25,3.07,54,1.91,0,0.33,11,50,0.3,0,0,0,0,25,2.5,42,2.79,0,1.63,36,80,0.0,1
0,0,0,0,25,2.5,42,2.79,0,1.63,36,80,0.0,0,0,0,0,25,3.07,54,1.91,0,0.33,11,50,0.3,0
0,0,0,0,25,4.53,54,2.48,0,1.45,54,52,0.5,0,0,0,0,25,3.75,35,4.46,0,1.09,37,46,0.1,1
0,0,0,0,25,3.75,35,4.46,0,1.09,37,46,0.1,0,0,0,0,25,4.53,54,2.48,0,1.45,54,52,0.5,0
0,0,0,0,25,1.87,62,1.22,0,3.98,48,50,1.8,0,0,0,0,25,2.48,50,2.49,0,2.49,68,56,1.0,1
0,0,0,0,25,2.48,50,2.49,0,2.49,68,56,1.0,0,0,0,0,25,1.87,62,1.22,0,3.98,48,50,1.8,0
0,0,0,0,25,4.92,67,2.35,0,3.27,33,37,0.4,0,0,0,0,25,1.91,38,3.46,0,2.29,66,64,0.8,1
0,0,0,0,25,1.91,38,3.46,0,2.29,66,64,0.8,0,0,0,0,25,4.92,67,2.35,0,3.27,33,37,0.4,0
0,0,0,0,25,3.42,43,3.28,0,0.71,26,81,0.0,0,0,0,0,25,3.05,45,3.43,0,1.86,31,42,1.4,1
0,0,0,0,25,3.05,45,3.43,0,1.86,31,42,1.4,0,0,0,0,25,3.42,43,3.28,0,0.71,26,81,0.0,0
0,0,0,0,25,3.2,40,3.82,0,1.11,28,65,0.6,0,0,0,0,25,5.34,48,3.74,0,0.68,16,50,0.0,1
0,0,0,0,25,5.34,48,3.74,0,0.68,16,50,0.0,0,0,0,0,25,3.2,40,3.82,0,1.11,28,65,0.6,0
0,0,0,0,25,1.77,68,1.74,0,9.31,60,0,1.1,0,0,0,0,25,1.1,58,2.11,0,0.0,0,55,1.4,1
0,0,0,0,25,1.1,58,2.11,0,0.0,0,55,1.4,0,0,0,0,25,1.77,68,1.74,0,9.31,60,0,1.1,0
0,0,0,0,25,2.35,50,2.73,0,1.93,33,42,2.3,0,0,0,0,25,6.45,41,6.55,0,0.86,62,64,0.0,1
0,0,0,0,25,6.45,41,6.55,0,0.86,62,64,0.0,0,0,0,0,25,2.35,50,2.73,0,1.93,33,42,2.3,0
0,0,0,0,25,5.16,44,7.92,0,0.0,0,41,0.0,0,0,0,0,25,6.3,40,6.67,0,0.0,0,60,0.0,1
0,0,0,0,25,6.3,40,6.67,0,0.0,0,60,0.0,0,0,0,0,25,5.16,44,7.92,0,0.0,0,41,0.0,0
0,0,0,0,25,3.87,56,2.47,0,2.03,51,73,0.1,0,0,0,0,25,4.28,47,4.07,0,0.0,0,47,0.0,1
0,0,0,0,25,4.28,47,4.07,0,0.0,0,47,0.0,0,0,0,0,25,3.87,56,2.47,0,2.03,51,73,0.1,0
0,0,0,0,25,7.17,53,5.19,0,1.04,42,81,0.3,0,0,0,0,25,3.21,48,3.39,0,2.73,25,66,0.0,1
0,0,0,0,25,3.21,48,3.39,0,2.73,25,66,0.0,0,0,0,0,25,7.17,53,5.19,0,1.04,42,81,0.3,0
0,0,0,0,25,4.67,53,5.0,0,0.17,20,100,0.2,0,0,0,0,25,2.4,25,3.87,0,0.0,0,100,0.0,1
0,0,0,0,25,2.4,25,3.87,0,0.0,0,100,0.0,0,0,0,0,25,4.67,53,5.0,0,0.17,20,100,0.2,0
0,0,0,0,25,2.62,33,3.77,0,2.5,20,50,0.2,0,0,0,0,25,3.49,41,5.23,0,0.36,11,25,0.5,1
0,0,0,0,25,3.49,41,5.23,0,0.36,11,25,0.5,0,0,0,0,25,2.62,33,3.77,0,2.5,20,50,0.2,0
0,0,0,0,25,3.96,44,3.62,0,1.51,44,64,0.4,0,0,0,0,25,4.45,46,4.03,0,0.84,26,63,0.3,1
0,0,0,0,25,4.45,46,4.03,0,0.84,26,63,0.3,0,0,0,0,25,3.96,44,3.62,0,1.51,44,64,0.4,0
0,0,0,0,25,7.87,60,4.2,0,2.0,66,88,1.0,0,0,0,0,25,4.36,40,4.33,0,0.66,17,56,0.1,1
0,0,0,0,25,4.36,40,4.33,0,0.66,17,56,0.1,0,0,0,0,25,7.87,60,4.2,0,2.0,66,88,1.0,0
0,0,0,0,25,3.44,44,5.08,0,0.0,0,33,1.7,0,0,0,0,25,5.02,56,4.69,0,0.0,0,60,0.2,1
0,0,0,0,25,5.02,56,4.69,0,0.0,0,60,0.2,0,0,0,0,25,3.44,44,5.08,0,0.0,0,33,1.7,0
0,0,0,0,25,1.51,44,1.37,0,4.01,41,0,1.1,0,0,0,0,25,3.57,37,4.0,0,0.59,40,58,0.5,1
0,0,0,0,25,3.57,37,4.0,0,0.59,40,58,0.5,0,0,0,0,25,1.51,44,1.37,0,4.01,41,0,1.1,0
0,0,0,0,25,5.4,52,2.7,0,0.0,0,100,0.0,0,0,0,0,25,2.67,40,4.13,0,1.07,25,38,1.4,1
0,0,0,0,25,2.67,40,4.13,0,1.07,25,38,1.4,0,0,0,0,25,5.4,52,2.7,0,0.0,0,100,0.0,0
0,0,0,0,25,5.1,44,5.99,0,0.0,0,65,0.0,0,0,0,0,25,2.71,43,3.8,0,1.09,36,64,0.8,1
0,0,0,0,25,2.71,43,3.8,0,1.09,36,64,0.8,0,0,0,0,25,5.1,44,5.99,0,0.0,0,65,0.0,0
0,0,0,0,25,6.06,64,2.23,0,0.0,0,90,0.0,0,0,0,0,25,2.18,36,5.25,0,0.45,33,31,0.0,1
0,0,0,0,25,2.18,36,5.25,0,0.45,33,31,0.0,0,0,0,0,25,6.06,64,2.23,0,0.0,0,90,0.0,0
0,0,0,0,25,4.44,49,3.09,0,1.96,38,58,1.2,0,0,0,0,25,3.63,50,2.66,0,1.84,46,69,1.2,1
0,0,0,0,25,3.63,50,2.66,0,1.84,46,69,1.2,0,0,0,0,25,4.44,49,3.09,0,1.96,38,58,1.2,0
0,0,0,0,25,4.28,48,3.87,0,3.12,47,81,0.9,0,0,0,0,25,5.62,55,5.37,0,0.87,80,58,0.4,1
0,0,0,0,25,5.62,55,5.37,0,0.87,80,58,0.4,0,0,0,0,25,4.28,48,3.87,0,3.12,47,81,0.9,0
0,0,0,0,25,4.01,43,4.47,0,3.21,43,77,0.2,0,0,0,0,25,3.78,46,3.17,0,2.5,51,31,0.2,1
0,0,0,0,25,3.78,46,3.17,0,2.5,51,31,0.2,0,0,0,0,25,4.01,43,4.47,0,3.21,43,77,0.2,0
0,0,0,0,25,5.45,49,4.07,0,1.74,40,80,0.2,0,0,0,0,25,3.23,43,6.01,0,4.75,38,0,1.9,1
0,0,0,0,25,3.23,43,6.01,0,4.75,38,0,1.9,0,0,0,0,25,5.45,49,4.07,0,1.74,40,80,0.2,0
0,0,0,0,25,3.75,50,2.61,0,0.0,0,85,0.0,0,0,0,0,25,3.87,43,3.82,0,1.59,31,68,0.1,1
0,0,0,0,25,3.87,43,3.82,0,1.59,31,68,0.1,0,0,0,0,25,3.75,50,2.61,0,0.0,0,85,0.0,0
0,0,0,0,25,4.0,55,2.94,0,3.62,54,86,0.9,0,0,0,0,25,2.62,54,2.42,0,1.18,36,63,0.4,1
0,0,0,0,25,2.62,54,2.42,0,1.18,36,63,0.4,0,0,0,0,25,4.0,55,2.94,0,3.62,54,86,0.9,0
0,0,0,0,25,6.77,55,4.21,0,0.58,60,85,0.2,0,0,0,0,25,3.44,49,3.03,0,1.03,48,69,0.3,1
0,0,0,0,25,3.44,49,3.03,0,1.03,48,69,0.3,0,0,0,0,25,6.77,55,4.21,0,0.58,60,85,0.2,0
0,0,0,0,25,4.19,50,3.1,0,0.77,37,54,0.6,0,0,0,0,25,1.77,61,3.06,0,2.0,52,68,1.0,1
0,0,0,0,25,1.77,61,3.06,0,2.0,52,68,1.0,0,0,0,0,25,4.19,50,3.1,0,0.77,37,54,0.6,0
0,0,0,0,25,5.73,40,2.82,0,3.07,100,0,2.3,0,0,0,0,25,5.28,49,4.65,0,1.78,36,38,0.5,1
0,0,0,0,25,5.28,49,4.65,0,1.78,36,38,0.5,0,0,0,0,25,5.73,40,2.82,0,3.07,100,0,2.3,0
0,0,0,0,25,4.2,45,3.63,0,4.1,43,37,0.6,0,0,0,0,25,2.11,45,1.9,0,0.63,14,44,0.0,1
0,0,0,0,25,2.11,45,1.9,0,0.63,14,44,0.0,0,0,0,0,25,4.2,45,3.63,0,4.1,43,37,0.6,0
0,0,0,0,25,5.66,51,3.89,0,1.41,48,72,0.6,0,0,0,0,25,3.46,49,4.15,0,1.91,50,83,0.4,1
0,0,0,0,25,3.46,49,4.15,0,1.91,50,83,0.4,0,0,0,0,25,5.66,51,3.89,0,1.41,48,72,0.6,0
0,0,0,0,25,4.13,51,3.68,0,1.56,30,100,0.5,0,0,0,0,25,3.07,40,3.26,0,0.43,21,66,0.0,1
0,0,0,0,25,3.07,40,3.26,0,0.43,21,66,0.0,0,0,0,0,25,4.13,51,3.68,0,1.56,30,100,0.5,0
0,0,0,0,25,3.73,50,3.42,0,1.85,50,100,0.0,0,0,0,0,25,3.75,39,3.8,0,0.0,0,20,0.5,1
0,0,0,0,25,3.75,39,3.8,0,0.0,0,20,0.5,0,0,0,0,25,3.73,50,3.42,0,1.85,50,100,0.0,0
0,0,0,0,25,3.6,48,3.31,0,1.39,33,75,0.1,0,0,0,0,25,4.7,50,4.13,0,1.38,46,50,0.2,1
0,0,0,0,25,4.7,50,4.13,0,1.38,46,50,0.2,0,0,0,0,25,3.6,48,3.31,0,1.39,33,75,0.1,0
0,0,0,0,25,4.75,59,3.01,0,0.24,11,72,0.0,0,0,0,0,25,3.87,58,3.93,0,0.5,16,85,0.0,1
0,0,0,0,25,3.87,58,3.93,0,0.5,16,85,0.0,0,0,0,0,25,4.75,59,3.01,0,0.24,11,72,0.0,0
0,0,0,0,25,4.77,43,3.88,0,0.0,0,42,0.8,0,0,0,0,25,5.61,48,5.82,0,0.0,0,100,0.0,1
0,0,0,0,25,5.61,48,5.82,0,0.0,0,100,0.0,0,0,0,0,25,4.77,43,3.88,0,0.0,0,42,0.8,0
0,0,0,0,25,4.73,42,5.2,0,3.0,34,87,0.0,0,0,0,0,25,3.44,60,1.7,0,3.53,38,50,0.7,1
0,0,0,0,25,3.44,60,1.7,0,3.53,38,50,0.7,0,0,0,0,25,4.73,42,5.2,0,3.0,34,87,0.0,0
0,0,0,0,25,4.0,54,1.32,0,1.3,100,76,0.0,0,0,0,0,25,3.53,45,4.22,0,0.61,15,75,0.0,1
0,0,0,0,25,3.53,45,4.22,0,0.61,15,75,0.0,0,0,0,0,25,4.0,54,1.32,0,1.3,100,76,0.0,0
0,0,0,0,25,3.58,42,3.56,0,1.11,40,33,0.9,0,0,0,0,25,4.54,46,4.37,0,1.51,45,69,0.4,1
0,0,0,0,25,4.54,46,4.37,0,1.51,45,69,0.4,0,0,0,0,25,3.58,42,3.56,0,1.11,40,33,0.9,0
0,0,0,0,25,4.72,62,2.64,0,0.0,0,75,0.2,0,0,0,0,25,4.26,41,3.52,0,0.75,20,68,0.5,1
0,0,0,0,25,4.26,41,3.52,0,0.75,20,68,0.5,0,0,0,0,25,4.72,62,2.64,0,0.0,0,75,0.2,0
0,0,0,0,25,4.38,40,4.62,0,1.24,36,71,0.1,0,0,0,0,25,4.65,45,4.3,0,0.66,33,39,0.8,1
0,0,0,0,25,4.65,45,4.3,0,0.66,33,39,0.8,0,0,0,0,25,4.38,40,4.62,0,1.24,36,71,0.1,0
0,0,0,0,25,4.7,46,4.15,0,1.56,36,71,1.6,0,0,0,0,25,3.61,45,3.18,0,2.13,37,69,0.6,1
0,0,0,0,25,3.61,45,3.18,0,2.13,37,69,0.6,0,0,0,0,25,4.7,46,4.15,0,1.56,36,71,1.6,0
0,0,0,0,25,3.34,43,3.72,0,1.07,42,0,0.7,0,0,0,0,25,3.13,48,3.4,0,2.0,100,100,0.0,1
0,0,0,0,25,3.13,48,3.4,0,2.0,100,100,0.0,0,0,0,0,25,3.34,43,3.72,0,1.07,42,0,0.7,0
0,0,0,0,25,6.48,51,5.7,0,0.0,0,66,0.0,0,0,0,0,25,3.56,38,3.16,0,0.83,54,70,0.0,1
0,0,0,0,25,3.56,38,3.16,0,0.83,54,70,0.0,0,0,0,0,25,6.48,51,5.7,0,0.0,0,66,0.0,0
0,0,0,0,25,5.76,49,3.47,0,0.49,50,66,0.2,0,0,0,0,25,3.2,39,4.21,0,1.17,31,52,1.5,1
0,0,0,0,25,3.2,39,4.21,0,1.17,31,52,1.5,0,0,0,0,25,5.76,49,3.47,0,0.49,50,66,0.2,0
0,0,0,0,25,1.88,44,1.32,0,4.75,55,66,0.5,0,0,0,0,25,4.22,29,6.31,0,0.0,0,46,0.5,1
0,0,0,0,25,4.22,29,6.31,0,0.0,0,46,0.5,0,0,0,0,25,1.88,44,1.32,0,4.75,55,66,0.5,0
0,0,0,0,25,1.53,57,2.79,0,0.0,0,25,1.6,0,0,0,0,25,3.45,43,4.6,0,0.82,50,77,0.8,1
0,0,0,0,25,3.45,43,4.6,0,0.82,50,77,0.8,0,0,0,0,25,1.53,57,2.79,0,0.0,0,25,1.6,0
0,0,0,0,25,4.41,46,4.57,0,1.08,32,60,0.1,0,0,0,0,25,5.36,41,3.38,0,0.67,66,80,0.0,1
0,0,0,0,25,5.36,41,3.38,0,0.67,66,80,0.0,0,0,0,0,25,4.41,46,4.57,0,1.08,32,60,0.1,0
0,0,0,0,25,4.06,60,2.49,0,1.36,75,75,1.1,0,0,0,0,25,3.65,49,5.95,0,1.93,28,80,0.6,1
0,0,0,0,25,3.65,49,5.95,0,1.93,28,80,0.6,0,0,0,0,25,4.06,60,2.49,0,1.36,75,75,1.1,0
0,0,0,0,25,4.03,44,7.15,0,0.15,33,65,0.0,0,0,0,0,25,5.65,43,5.76,0,0.0,0,58,0.0,1
0,0,0,0,25,5.65,43,5.76,0,0.0,0,58,0.0,0,0,0,0,25,4.03,44,7.15,0,0.15,33,65,0.0,0
0,0,0,0,25,11.18,53,10.01,0,0.95,25,70,0.0,0,0,0,0,25,13.53,48,10.75,0,0.0,0,0,0.0,1
0,0,0,0,25,13.53,48,10.75,0,0.0,0,0,0.0,0,0,0,0,25,11.18,53,10.01,0,0.95,25,70,0.0,0
0,0,0,0,25,3.66,52,2.46,0,0.8,22,87,0.0,0,0,0,0,25,5.0,62,3.5,0,0.11,50,78,0.2,1
0,0,0,0,25,5.0,62,3.5,0,0.11,50,78,0.2,0,0,0,0,25,3.66,52,2.46,0,0.8,22,87,0.0,0
0,0,0,0,25,6.59,58,7.18,0,0.1,14,68,0.0,0,0,0,0,25,4.85,52,4.95,0,0.5,57,90,0.0,1
0,0,0,0,25,4.85,52,4.95,0,0.5,57,90,0.0,0,0,0,0,25,6.59,58,7.18,0,0.1,14,68,0.0,0
0,0,0,0,25,7.09,47,4.36,0,0.0,0,85,0.5,0,0,0,0,25,5.53,48,4.55,0,0.77,55,75,1.1,1
0,0,0,0,25,5.53,48,4.55,0,0.77,55,75,1.1,0,0,0,0,25,7.09,47,4.36,0,0.0,0,85,0.5,0
0,0,0,0,25,2.89,54,3.46,0,1.14,62,59,0.7,0,0,0,0,25,2.94,44,2.53,0,2.15,60,54,0.2,1
0,0,0,0,25,2.94,44,2.53,0,2.15,60,54,0.2,0,0,0,0,25,2.89,54,3.46,0,1.14,62,59,0.7,0
0,0,0,0,25,4.54,58,4.59,0,0.0,0,100,0.0,0,0,0,0,25,6.4,52,3.72,0,1.22,39,74,0.3,1
0,0,0,0,25,6.4,52,3.72,0,1.22,39,74,0.3,0,0,0,0,25,4.54,58,4.59,0,0.0,0,100,0.0,0
0,0,0,0,25,8.1,54,5.24,0,1.11,63,80,0.0,0,0,0,0,25,2.24,52,2.01,0,5.06,37,50,1.9,1
0,0,0,0,25,2.24,52,2.01,0,5.06,37,50,1.9,0,0,0,0,25,8.1,54,5.24,0,1.11,63,80,0.0,0
0,0,0,0,25,3.54,49,3.54,0,1.14,23,53,0.8,0,0,0,0,25,5.84,53,3.31,0,0.17,33,41,0.0,1
0,0,0,0,25,5.84,53,3.31,0,0.17,33,41,0.0,0,0,0,0,25,3.54,49,3.54,0,1.14,23,53,0.8,0
0,0,0,0,25,9.65,50,7.73,0,0.78,25,90,0.0,0,0,0,0,25,5.03,40,4.78,0,0.33,24,47,0.3,1
0,0,0,0,25,5.03,40,4.78,0,0.33,24,47,0.3,0,0,0,0,25,9.65,50,7.73,0,0.78,25,90,0.0,0
0,0,0,0,25,3.53,46,2.38,0,0.0,0,50,0.0,0,0,0,0,25,3.46,33,4.1,0,2.75,44,66,0.4,1
0,0,0,0,25,3.46,33,4.1,0,2.75,44,66,0.4,0,0,0,0,25,3.53,46,2.38,0,0.0,0,50,0.0,0
0,0,0,0,25,6.44,50,7.23,0,0.0,0,50,0.0,0,0,0,0,25,7.2,43,5.87,0,1.0,40,86,0.0,1
0,0,0,0,25,7.2,43,5.87,0,1.0,40,86,0.0,0,0,0,0,25,6.44,50,7.23,0,0.0,0,50,0.0,0
0,0,0,0,25,5.04,55,4.05,0,0.42,30,81,0.3,0,0,0,0,25,2.32,54,1.76,0,4.13,42,66,1.4,1
0,0,0,0,25,2.32,54,1.76,0,4.13,42,66,1.4,0,0,0,0,25,5.04,55,4.05,0,0.42,30,81,0.3,0
0,0,0,0,25,2.14,54,2.98,0,2.15,47,68,0.9,0,0,0,0,25,5.06,45,5.35,0,0.0,0,54,2.6,1
0,0,0,0,25,5.06,45,5.35,0,0.0,0,54,2.6,0,0,0,0,25,2.14,54,2.98,0,2.15,47,68,0.9,0
0,0,0,0,25,6.4,45,6.01,0,0.35,20,84,0.0,0,0,0,0,25,8.08,43,5.92,0,0.48,66,63,0.2,1
0,0,0,0,25,8.08,43,5.92,0,0.48,66,63,0.2,0,0,0,0,25,6.4,45,6.01,0,0.35,20,84,0.0,0
0,0,0,0,25,6.84,57,4.0,0,0.78,22,80,1.2,0,0,0,0,25,3.53,51,2.86,0,0.62,27,73,0.4,1
0,0,0,0,25,3.53,51,2.86,0,0.62,27,73,0.4,0,0,0,0,25,6.84,57,4.0,0,0.78,22,80,1.2,0
0,0,0,0,25,3.17,41,3.6,0,1.61,100,33,3.2,0,0,0,0,25,5.62,50,3.7,0,0.0,0,100,0.0,1
0,0,0,0,25,5.62,50,3.7,0,0.0,0,100,0.0,0,0,0,0,25,3.17,41,3.6,0,1.61,100,33,3.2,0
0,0,0,0,25,3.67,71,5.29,0,0.0,0,100,0.0,0,0,0,0,25,2.98,50,2.41,0,1.7,28,50,0.0,1
0,0,0,0,25,2.98,50,2.41,0,1.7,28,50,0.0,0,0,0,0,25,3.67,71,5.29,0,0.0,0,100,0.0,0
0,0,0,0,25,4.95,56,3.07,0,2.85,39,73,0.2,0,0,0,0,25,2.97,36,4.06,0,2.57,57,70,0.7,1
0,0,0,0,25,2.97,36,4.06,0,2.57,57,70,0.7,0,0,0,0,25,4.95,56,3.07,0,2.85,39,73,0.2,0
0,0,0,0,25,7.36,59,7.96,0,2.33,46,100,0.3,0,0,0,0,25,4.94,39,5.04,0,0.0,0,53,0.0,1
0,0,0,0,25,4.94,39,5.04,0,0.0,0,53,0.0,0,0,0,0,25,7.36,59,7.96,0,2.33,46,100,0.3,0
0,0,0,0,25,3.96,47,4.32,0,0.75,26,67,0.0,0,0,0,0,25,4.62,45,3.91,0,1.65,52,53,0.6,1
0,0,0,0,25,4.62,45,3.91,0,1.65,52,53,0.6,0,0,0,0,25,3.96,47,4.32,0,0.75,26,67,0.0,0
0,0,0,0,25,4.37,40,3.93,0,0.84,50,100,0.0,0,0,0,0,25,4.74,49,3.62,0,0.5,20,67,0.4,1
0,0,0,0,25,4.74,49,3.62,0,0.5,20,67,0.4,0,0,0,0,25,4.37,40,3.93,0,0.84,50,100,0.0,0
0,0,0,0,25,4.58,43,4.0,0,0.61,38,73,0.1,0,0,0,0,25,3.82,47,3.46,0,1.84,31,76,0.1,1
0,0,0,0,25,3.82,47,3.46,0,1.84,31,76,0.1,0,0,0,0,25,4.58,43,4.0,0,0.61,38,73,0.1,0
0,0,0,0,25,4.5,63,2.61,0,6.27,45,66,1.9,0,0,0,0,25,3.55,53,3.67,0,1.53,38,56,1.3,1
0,0,0,0,25,3.55,53,3.67,0,1.53,38,56,1.3,0,0,0,0,25,4.5,63,2.61,0,6.27,45,66,1.9,0
0,0,0,0,25,5.49,46,3.67,0,0.79,34,42,0.4,0,0,0,0,25,5.18,41,5.4,0,2.73,47,57,0.3,1
0,0,0,0,25,5.18,41,5.4,0,2.73,47,57,0.3,0,0,0,0,25,5.49,46,3.67,0,0.79,34,42,0.4,0
0,0,0,0,25,4.87,52,4.13,0,0.6,50,86,0.9,0,0,0,0,25,5.04,59,3.14,0,0.0,0,72,0.0,1
0,0,0,0,25,5.04,59,3.14,0,0.0,0,72,0.0,0,0,0,0,25,4.87,52,4.13,0,0.6,50,86,0.9,0
0,0,0,0,25,4.0,55,3.92,0,0.56,31,78,0.2,0,0,0,0,25,5.73,50,5.8,0,1.0,11,100,0.0,1
0,0,0,0,25,5.73,50,5.8,0,1.0,11,100,0.0,0,0,0,0,25,4.0,55,3.92,0,0.56,31,78,0.2,0
0,0,0,0,25,4.26,43,3.34,0,3.77,49,75,0.1,0,0,0,0,25,7.84,50,4.43,0,0.0,0,83,0.0,1
0,0,0,0,25,7.84,50,4.43,0,0.0,0,83,0.0,0,0,0,0,25,4.26,43,3.34,0,3.77,49,75,0.1,0
0,0,0,0,25,4.44,49,3.09,0,1.96,38,58,1.2,0,0,0,0,25,3.84,37,4.15,0,2.17,44,70,0.2,1
0,0,0,0,25,3.84,37,4.15,0,2.17,44,70,0.2,0,0,0,0,25,4.44,49,3.09,0,1.96,38,58,1.2,0
0,0,0,0,25,5.29,54,3.84,0,0.75,33,82,0.0,0,0,0,0,25,3.22,60,3.33,0,3.33,20,66,1.7,1
0,0,0,0,25,3.22,60,3.33,0,3.33,20,66,1.7,0,0,0,0,25,5.29,54,3.84,0,0.75,33,82,0.0,0
0,0,0,0,25,2.98,43,3.87,0,5.17,44,75,0.3,0,0,0,0,25,5.41,53,2.96,0,1.62,40,83,0.2,1
0,0,0,0,25,5.41,53,2.96,0,1.62,40,83,0.2,0,0,0,0,25,2.98,43,3.87,0,5.17,44,75,0.3,0
0,0,0,0,25,4.08,63,2.66,0,1.77,25,100,1.8,0,0,0,0,25,2.73,56,3.54,0,0.0,0,57,0.0,1
0,0,0,0,25,2.73,56,3.54,0,0.0,0,57,0.0,0,0,0,0,25,4.08,63,2.66,0,1.77,25,100,1.8,0
0,0,0,0,25,2.59,46,2.89,0,0.75,66,33,0.0,0,0,0,0,25,0.9,38,3.6,0,0.0,0,0,0.0,1
0,0,0,0,25,0.9,38,3.6,0,0.0,0,0,0.0,0,0,0,0,25,2.59,46,2.89,0,0.75,66,33,0.0,0
0,0,0,0,25,3.26,42,4.07,0,0.31,66,77,0.2,0,0,0,0,25,3.28,43,14.43,0,0.0,0,0,0.0,1
0,0,0,0,25,3.28,43,14.43,0,0.0,0,0,0.0,0,0,0,0,25,3.26,42,4.07,0,0.31,66,77,0.2,0
0,0,0,0,25,4.6,50,4.49,0,0.46,44,64,0.0,0,0,0,0,25,5.6,53,4.95,0,2.31,38,88,0.3,1
0,0,0,0,25,5.6,53,4.95,0,2.31,38,88,0.3,0,0,0,0,25,4.6,50,4.49,0,0.46,44,64,0.0,0
0,0,0,0,25,3.07,50,1.8,0,2.09,30,59,1.3,0,0,0,0,25,4.6,38,6.62,0,0.36,29,77,0.1,1
0,0,0,0,25,4.6,38,6.62,0,0.36,29,77,0.1,0,0,0,0,25,3.07,50,1.8,0,2.09,30,59,1.3,0
0,0,0,0,25,3.78,50,3.85,0,1.97,38,65,0.5,0,0,0,0,25,1.06,38,1.8,0,1.93,38,76,0.4,1
0,0,0,0,25,1.06,38,1.8,0,1.93,38,76,0.4,0,0,0,0,25,3.78,50,3.85,0,1.97,38,65,0.5,0
0,0,0,0,25,4.7,46,5.66,0,1.54,62,75,0.3,0,0,0,0,25,5.73,55,3.1,0,0.96,33,76,0.0,1
0,0,0,0,25,5.73,55,3.1,0,0.96,33,76,0.0,0,0,0,0,25,4.7,46,5.66,0,1.54,62,75,0.3,0
0,0,0,0,25,2.89,50,2.65,0,3.38,54,85,1.5,0,0,0,0,25,3.33,55,4.4,0,3.52,26,100,1.2,1
0,0,0,0,25,3.33,55,4.4,0,3.52,26,100,1.2,0,0,0,0,25,2.89,50,2.65,0,3.38,54,85,1.5,0
0,0,0,0,25,6.5,46,3.52,0,4.8,75,66,0.0,0,0,0,0,25,4.82,43,6.06,0,3.24,55,46,0.7,1
0,0,0,0,25,4.82,43,6.06,0,3.24,55,46,0.7,0,0,0,0,25,6.5,46,3.52,0,4.8,75,66,0.0,0
0,0,0,0,25,5.47,50,4.92,0,0.81,32,75,0.1,0,0,0,0,25,4.92,59,4.46,0,0.43,25,64,0.4,1
0,0,0,0,25,4.92,59,4.46,0,0.43,25,64,0.4,0,0,0,0,25,5.47,50,4.92,0,0.81,32,75,0.1,0
0,0,0,0,25,2.06,57,2.94,0,6.41,35,60,0.4,0,0,0,0,25,1.73,45,1.1,0,1.83,35,40,1.8,1
0,0,0,0,25,1.73,45,1.1,0,1.83,35,40,1.8,0,0,0,0,25,2.06,57,2.94,0,6.41,35,60,0.4,0
0,0,0,0,25,5.22,43,3.8,0,3.68,76,73,2.2,0,0,0,0,25,5.36,38,5.19,0,0.0,0,60,0.0,1
0,0,0,0,25,5.36,38,5.19,0,0.0,0,60,0.0,0,0,0,0,25,5.22,43,3.8,0,3.68,76,73,2.2,0
0,0,0,0,25,3.83,41,3.87,0,4.0,53,66,1.0,0,0,0,0,25,3.57,37,4.0,0,0.59,40,58,0.5,1
0,0,0,0,25,3.57,37,4.0,0,0.59,40,58,0.5,0,0,0,0,25,3.83,41,3.87,0,4.0,53,66,1.0,0
0,0,0,0,25,1.79,51,3.02,0,4.95,70,0,1.4,0,0,0,0,25,3.22,43,3.61,0,0.59,38,46,0.0,1
0,0,0,0,25,3.22,43,3.61,0,0.59,38,46,0.0,0,0,0,0,25,1.79,51,3.02,0,4.95,70,0,1.4,0
0,0,0,0,25,5.73,46,3.32,0,0.0,0,84,0.0,0,0,0,0,25,2.81,42,3.28,0,0.63,37,52,0.2,1
0,0,0,0,25,2.81,42,3.28,0,0.63,37,52,0.2,0,0,0,0,25,5.73,46,3.32,0,0.0,0,84,0.0,0
0,0,0,0,25,6.12,48,4.9,0,2.55,50,50,0.7,0,0,0,0,25,5.95,42,4.57,0,0.73,64,76,0.2,1
0,0,0,0,25,5.95,42,4.57,0,0.73,64,76,0.2,0,0,0,0,25,6.12,48,4.9,0,2.55,50,50,0.7,0
0,0,0,0,25,5.15,53,2.77,0,2.24,45,74,0.5,0,0,0,0,25,3.22,61,1.58,0,4.65,47,80,0.7,1
0,0,0,0,25,3.22,61,1.58,0,4.65,47,80,0.7,0,0,0,0,25,5.15,53,2.77,0,2.24,45,74,0.5,0
0,0,0,0,25,14.61,59,7.5,0,0.0,0,0,0.0,0,0,0,0,25,4.05,54,5.11,0,0.0,0,53,0.0,1
0,0,0,0,25,4.05,54,5.11,0,0.0,0,53,0.0,0,0,0,0,25,14.61,59,7.5,0,0.0,0,0,0.0,0
0,0,0,0,25,4.37,53,3.63,0,3.86,52,58,1.6,0,0,0,0,25,6.28,62,6.31,0,1.06,30,100,0.3,1
0,0,0,0,25,6.28,62,6.31,0,1.06,30,100,0.3,0,0,0,0,25,4.37,53,3.63,0,3.86,52,58,1.6,0
0,0,0,0,25,3.45,43,2.63,0,1.46,41,67,0.6,0,0,0,0,25,4.38,41,5.32,0,0.31,9,25,0.3,1
0,0,0,0,25,4.38,41,5.32,0,0.31,9,25,0.3,0,0,0,0,25,3.45,43,2.63,0,1.46,41,67,0.6,0
0,0,0,0,25,4.35,60,4.31,0,3.8,54,87,1.2,0,0,0,0,25,4.5,61,2.97,0,1.78,64,67,0.0,1
0,0,0,0,25,4.5,61,2.97,0,1.78,64,67,0.0,0,0,0,0,25,4.35,60,4.31,0,3.8,54,87,1.2,0
0,0,0,0,25,5.82,45,4.85,0,0.41,12,66,1.6,0,0,0,0,25,5.25,54,4.77,0,0.0,0,43,0.1,1
0,0,0,0,25,5.25,54,4.77,0,0.0,0,43,0.1,0,0,0,0,25,5.82,45,4.85,0,0.41,12,66,1.6,0
0,0,0,0,25,6.38,52,1.86,0,1.61,75,100,1.1,0,0,0,0,25,2.77,59,4.14,0,1.55,66,54,0.0,1
0,0,0,0,25,2.77,59,4.14,0,1.55,66,54,0.0,0,0,0,0,25,6.38,52,1.86,0,1.61,75,100,1.1,0
0,0,0,0,25,2.73,51,2.53,0,1.0,50,100,0.0,0,0,0,0,25,2.53,29,2.73,0,0.0,0,50,0.0,1
0,0,0,0,25,2.53,29,2.73,0,0.0,0,50,0.0,0,0,0,0,25,2.73,51,2.53,0,1.0,50,100,0.0,0
0,0,0,0,25,5.9,51,5.51,0,1.56,62,84,0.2,0,0,0,0,25,4.44,32,7.17,0,0.62,14,100,0.0,1
0,0,0,0,25,4.44,32,7.17,0,0.62,14,100,0.0,0,0,0,0,25,5.9,51,5.51,0,1.56,62,84,0.2,0
0,0,0,0,25,4.77,43,4.0,0,0.83,50,50,0.8,0,0,0,0,25,6.61,51,6.49,0,0.69,40,100,0.3,1
0,0,0,0,25,6.61,51,6.49,0,0.69,40,100,0.3,0,0,0,0,25,4.77,43,4.0,0,0.83,50,50,0.8,0
0,0,0,0,25,5.68,56,4.18,0,8.81,40,100,1.0,0,0,0,0,25,6.42,46,5.72,0,0.81,18,63,0.4,1
0,0,0,0,25,6.42,46,5.72,0,0.81,18,63,0.4,0,0,0,0,25,5.68,56,4.18,0,8.81,40,100,1.0,0
0,0,0,0,25,4.45,55,3.26,0,0.85,32,78,1.1,0,0,0,0,25,4.02,48,3.2,0,0.05,11,76,0.1,1
0,0,0,0,25,4.02,48,3.2,0,0.05,11,76,0.1,0,0,0,0,25,4.45,55,3.26,0,0.85,32,78,1.1,0
0,0,0,0,25,2.53,62,1.78,0,0.3,20,63,0.0,0,0,0,0,25,5.87,62,4.13,0,0.0,0,72,0.0,1
0,0,0,0,25,5.87,62,4.13,0,0.0,0,72,0.0,0,0,0,0,25,2.53,62,1.78,0,0.3,20,63,0.0,0
0,0,0,0,25,4.54,43,3.81,0,0.63,40,75,0.0,0,0,0,0,25,3.48,48,2.63,0,0.0,0,72,0.0,1
0,0,0,0,25,3.48,48,2.63,0,0.0,0,72,0.0,0,0,0,0,25,4.54,43,3.81,0,0.63,40,75,0.0,0
0,0,0,0,25,4.92,44,2.77,0,1.89,60,76,0.3,0,0,0,0,25,3.38,47,2.25,0,1.01,15,62,1.2,1
0,0,0,0,25,3.38,47,2.25,0,1.01,15,62,1.2,0,0,0,0,25,4.92,44,2.77,0,1.89,60,76,0.3,0
0,0,0,0,25,2.85,51,1.62,0,1.62,40,70,0.2,0,0,0,0,25,4.68,52,5.19,0,2.48,44,57,0.5,1
0,0,0,0,25,4.68,52,5.19,0,2.48,44,57,0.5,0,0,0,0,25,2.85,51,1.62,0,1.62,40,70,0.2,0
0,0,0,0,25,2.94,41,3.77,0,1.85,36,66,0.0,0,0,0,0,25,2.0,45,2.93,0,0.0,0,0,0.0,1
0,0,0,0,25,2.0,45,2.93,0,0.0,0,0,0.0,0,0,0,0,25,2.94,41,3.77,0,1.85,36,66,0.0,0
0,0,0,0,25,2.57,48,3.87,0,0.96,30,83,0.3,0,0,0,0,25,3.74,59,2.94,0,4.42,66,100,0.6,1
0,0,0,0,25,3.74,59,2.94,0,4.42,66,100,0.6,0,0,0,0,25,2.57,48,3.87,0,0.96,30,83,0.3,0
0,0,0,0,25,5.91,56,2.59,0,3.23,36,77,1.4,0,0,0,0,25,3.34,47,3.74,0,0.91,54,34,0.1,1
0,0,0,0,25,3.34,47,3.74,0,0.91,54,34,0.1,0,0,0,0,25,5.91,56,2.59,0,3.23,36,77,1.4,0
0,0,0,0,25,3.71,45,3.63,0,2.61,44,75,0.6,0,0,0,0,25,3.83,58,4.85,0,0.57,29,63,1.5,1
0,0,0,0,25,3.83,58,4.85,0,0.57,29,63,1.5,0,0,0,0,25,3.71,45,3.63,0,2.61,44,75,0.6,0
0,0,0,0,25,5.83,52,7.84,0,3.5,40,100,0.0,0,0,0,0,25,4.69,57,2.87,0,0.0,0,60,0.0,1
0,0,0,0,25,4.69,57,2.87,0,0.0,0,60,0.0,0,0,0,0,25,5.83,52,7.84,0,3.5,40,100,0.0,0
0,0,0,0,25,3.4,51,3.87,0,2.0,80,100,0.0,0,0,0,0,25,3.57,46,3.97,0,2.0,46,70,0.0,1
0,0,0,0,25,3.57,46,3.97,0,2.0,46,70,0.0,0,0,0,0,25,3.4,51,3.87,0,2.0,80,100,0.0,0
0,0,0,0,25,2.63,58,1.55,0,3.2,53,90,1.1,0,0,0,0,25,4.36,48,3.55,0,1.82,44,71,0.6,1
0,0,0,0,25,4.36,48,3.55,0,1.82,44,71,0.6,0,0,0,0,25,2.63,58,1.55,0,3.2,53,90,1.1,0
0,0,0,0,25,4.36,42,2.51,0,5.89,35,82,0.3,0,0,0,0,25,4.38,57,2.15,0,3.26,39,78,0.3,1
0,0,0,0,25,4.38,57,2.15,0,3.26,39,78,0.3,0,0,0,0,25,4.36,42,2.51,0,5.89,35,82,0.3,0
0,0,0,0,25,5.74,55,5.7,0,0.6,60,68,0.2,0,0,0,0,25,7.05,53,4.02,0,0.0,0,73,0.0,1
0,0,0,0,25,7.05,53,4.02,0,0.0,0,73,0.0,0,0,0,0,25,5.74,55,5.7,0,0.6,60,68,0.2,0
0,0,0,0,25,2.62,65,0.89,0,6.58,60,60,2.4,0,0,0,0,25,3.49,49,3.77,0,4.56,65,63,0.6,1
0,0,0,0,25,3.49,49,3.77,0,4.56,65,63,0.6,0,0,0,0,25,2.62,65,0.89,0,6.58,60,60,2.4,0
0,0,0,0,25,3.25,60,2.21,0,4.74,38,66,1.4,0,0,0,0,25,4.19,50,3.1,0,0.77,37,54,0.6,1
0,0,0,0,25,4.19,50,3.1,0,0.77,37,54,0.6,0,0,0,0,25,3.25,60,2.21,0,4.74,38,66,1.4,0
0,0,0,0,25,5.11,53,4.64,0,2.46,37,82,0.7,0,0,0,0,25,6.73,55,3.75,0,0.32,33,75,0.3,1
0,0,0,0,25,6.73,55,3.75,0,0.32,33,75,0.3,0,0,0,0,25,5.11,53,4.64,0,2.46,37,82,0.7,0
0,0,0,0,25,7.59,61,4.48,0,2.59,33,100,0.0,0,0,0,0,25,4.94,58,3.45,0,3.5,55,33,2.1,1
0,0,0,0,25,4.94,58,3.45,0,3.5,55,33,2.1,0,0,0,0,25,7.59,61,4.48,0,2.59,33,100,0.0,0
0,0,0,0,25,3.96,55,3.22,0,0.0,0,57,1.2,0,0,0,0,25,2.34,71,5.5,0,1.75,100,0,0.0,1
0,0,0,0,25,2.34,71,5.5,0,1.75,100,0,0.0,0,0,0,0,25,3.96,55,3.22,0,0.0,0,57,1.2,0
0,0,0,0,25,3.2,52,2.11,0,3.87,40,57,1.1,0,0,0,0,25,4.82,40,3.46,0,0.86,30,57,0.6,1
0,0,0,0,25,4.82,40,3.46,0,0.86,30,57,0.6,0,0,0,0,25,3.2,52,2.11,0,3.87,40,57,1.1,0
0,0,0,0,25,3.1,54,1.79,0,4.68,46,66,0.2,0,0,0,0,25,6.22,55,4.84,0,1.09,46,70,0.0,1
0,0,0,0,25,6.22,55,4.84,0,1.09,46,70,0.0,0,0,0,0,25,3.1,54,1.79,0,4.68,46,66,0.2,0
0,0,0,0,25,2.89,45,2.21,0,1.47,26,70,0.0,0,0,0,0,25,3.1,51,1.7,0,2.63,81,100,1.5,1
0,0,0,0,25,3.1,51,1.7,0,2.63,81,100,1.5,0,0,0,0,25,2.89,45,2.21,0,1.47,26,70,0.0,0
0,0,0,0,25,4.24,56,4.88,0,2.53,71,76,0.0,0,0,0,0,25,4.73,40,3.72,0,0.91,20,44,0.4,1
0,0,0,0,25,4.73,40,3.72,0,0.91,20,44,0.4,0,0,0,0,25,4.24,56,4.88,0,2.53,71,76,0.0,0
0,0,0,0,25,3.13,47,3.2,0,3.56,47,63,1.7,0,0,0,0,25,3.91,55,2.75,0,2.23,46,42,1.5,1
0,0,0,0,25,3.91,55,2.75,0,2.23,46,42,1.5,0,0,0,0,25,3.13,47,3.2,0,3.56,47,63,1.7,0
0,0,0,0,25,3.31,40,3.9,0,0.89,17,25,1.2,0,0,0,0,25,4.29,39,3.24,0,2.06,53,83,0.6,1
0,0,0,0,25,4.29,39,3.24,0,2.06,53,83,0.6,0,0,0,0,25,3.31,40,3.9,0,0.89,17,25,1.2,0
0,0,0,0,25,4.78,41,4.68,0,0.6,27,71,0.0,0,0,0,0,25,3.79,43,3.46,0,1.46,22,55,0.6,1
0,0,0,0,25,3.79,43,3.46,0,1.46,22,55,0.6,0,0,0,0,25,4.78,41,4.68,0,0.6,27,71,0.0,0
0,0,0,0,25,4.16,58,2.32,0,0.0,0,60,0.3,0,0,0,0,25,3.64,49,4.01,0,0.84,33,51,0.2,1
0,0,0,0,25,3.64,49,4.01,0,0.84,33,51,0.2,0,0,0,0,25,4.16,58,2.32,0,0.0,0,60,0.3,0
0,0,0,0,25,4.96,50,4.86,0,1.17,42,87,0.0,0,0,0,0,25,6.16,51,6.43,0,0.0,0,82,0.0,1
0,0,0,0,25,6.16,51,6.43,0,0.0,0,82,0.0,0,0,0,0,25,4.96,50,4.86,0,1.17,42,87,0.0,0
0,0,0,0,25,3.63,50,2.66,0,1.84,46,69,1.2,0,0,0,0,25,1.94,48,2.71,0,8.39,39,62,1.3,1
0,0,0,0,25,1.94,48,2.71,0,8.39,39,62,1.3,0,0,0,0,25,3.63,50,2.66,0,1.84,46,69,1.2,0
0,0,0,0,25,5.0,53,3.88,0,1.47,56,37,0.0,0,0,0,0,25,5.49,60,3.46,0,0.37,50,55,0.0,1
0,0,0,0,25,5.49,60,3.46,0,0.37,50,55,0.0,0,0,0,0,25,5.0,53,3.88,0,1.47,56,37,0.0,0
0,0,0,0,25,4.49,53,7.86,0,2.59,25,0,2.6,0,0,0,0,25,2.27,57,1.61,0,0.69,60,41,0.7,1
0,0,0,0,25,2.27,57,1.61,0,0.69,60,41,0.7,0,0,0,0,25,4.49,53,7.86,0,2.59,25,0,2.6,0
0,0,0,0,25,7.54,60,2.53,0,0.88,20,0,0.4,0,0,0,0,25,4.44,50,4.96,0,0.73,18,66,0.0,1
0,0,0,0,25,4.44,50,4.96,0,0.73,18,66,0.0,0,0,0,0,25,7.54,60,2.53,0,0.88,20,0,0.4,0
0,0,0,0,25,2.48,42,4.08,0,1.31,35,52,1.1,0,0,0,0,25,3.2,50,3.49,0,1.89,32,100,0.7,1
0,0,0,0,25,3.2,50,3.49,0,1.89,32,100,0.7,0,0,0,0,25,2.48,42,4.08,0,1.31,35,52,1.1,0
0,0,0,0,25,7.34,70,1.97,0,11.5,87,0,0.0,0,0,0,0,25,3.54,51,3.25,0,3.46,36,71,2.3,1
0,0,0,0,25,3.54,51,3.25,0,3.46,36,71,2.3,0,0,0,0,25,7.34,70,1.97,0,11.5,87,0,0.0,0
0,0,0,0,25,7.38,42,6.09,0,0.67,66,82,0.0,0,0,0,0,25,3.85,41,5.57,0,3.8,29,0,1.5,1
0,0,0,0,25,3.85,41,5.57,0,3.8,29,0,1.5,0,0,0,0,25,7.38,42,6.09,0,0.67,66,82,0.0,0
0,0,0,0,25,2.89,43,3.0,0,2.68,33,100,0.0,0,0,0,0,25,2.89,49,1.64,0,3.67,73,61,0.0,1
0,0,0,0,25,2.89,49,1.64,0,3.67,73,61,0.0,0,0,0,0,25,2.89,43,3.0,0,2.68,33,100,0.0,0
0,0,0,0,25,2.21,47,1.68,0,1.84,100,50,0.0,0,0,0,0,25,2.87,47,3.4,0,2.73,35,33,0.0,1
0,0,0,0,25,2.87,47,3.4,0,2.73,35,33,0.0,0,0,0,0,25,2.21,47,1.68,0,1.84,100,50,0.0,0
0,0,0,0,25,2.43,45,1.07,0,2.6,54,0,0.0,0,0,0,0,25,1.97,53,1.85,0,2.06,48,14,1.4,1
0,0,0,0,25,1.97,53,1.85,0,2.06,48,14,1.4,0,0,0,0,25,2.43,45,1.07,0,2.6,54,0,0.0,0
0,0,0,0,25,4.22,37,3.13,0,1.78,45,73,0.1,0,0,0,0,25,3.81,38,3.09,0,3.64,42,68,0.2,1
0,0,0,0,25,3.81,38,3.09,0,3.64,42,68,0.2,0,0,0,0,25,4.22,37,3.13,0,1.78,45,73,0.1,0
0,0,0,0,25,4.79,51,4.0,0,1.01,50,63,0.4,0,0,0,0,25,7.44,54,5.83,0,1.47,24,61,1.0,1
0,0,0,0,25,7.44,54,5.83,0,1.47,24,61,1.0,0,0,0,0,25,4.79,51,4.0,0,1.01,50,63,0.4,0
0,0,0,0,25,5.04,55,4.05,0,0.42,30,81,0.3,0,0,0,0,25,3.54,49,4.08,0,1.92,25,60,0.2,1
0,0,0,0,25,3.54,49,4.08,0,1.92,25,60,0.2,0,0,0,0,25,5.04,55,4.05,0,0.42,30,81,0.3,0
0,0,0,0,25,5.33,47,4.05,0,0.33,25,62,0.0,0,0,0,0,25,2.83,45,2.71,0,3.24,57,71,0.6,1
0,0,0,0,25,2.83,45,2.71,0,3.24,57,71,0.6,0,0,0,0,25,5.33,47,4.05,0,0.33,25,62,0.0,0
0,0,0,0,25,5.11,53,3.88,0,0.99,46,84,0.0,0,0,0,0,25,6.23,41,5.75,0,0.0,0,81,0.0,1
0,0,0,0,25,6.23,41,5.75,0,0.0,0,81,0.0,0,0,0,0,25,5.11,53,3.88,0,0.99,46,84,0.0,0
0,0,0,0,25,6.43,52,2.49,0,1.2,30,78,0.0,0,0,0,0,25,2.51,38,4.99,0,2.65,40,33,0.0,1
0,0,0,0,25,2.51,38,4.99,0,2.65,40,33,0.0,0,0,0,0,25,6.43,52,2.49,0,1.2,30,78,0.0,0
0,0,0,0,25,4.23,39,3.8,0,0.61,40,81,0.0,0,0,0,0,25,4.43,44,4.11,0,0.0,0,100,0.0,1
0,0,0,0,25,4.43,44,4.11,0,0.0,0,100,0.0,0,0,0,0,25,4.23,39,3.8,0,0.61,40,81,0.0,0
0,0,0,0,25,4.51,53,3.32,0,0.0,0,40,1.2,0,0,0,0,25,4.33,55,3.54,0,1.65,27,69,0.0,1
0,0,0,0,25,4.33,55,3.54,0,1.65,27,69,0.0,0,0,0,0,25,4.51,53,3.32,0,0.0,0,40,1.2,0
0,0,0,0,25,5.57,46,4.18,0,0.58,55,84,0.3,0,0,0,0,25,6.07,40,5.74,0,0.0,0,100,0.6,1
0,0,0,0,25,6.07,40,5.74,0,0.0,0,100,0.6,0,0,0,0,25,5.57,46,4.18,0,0.58,55,84,0.3,0
0,0,0,0,25,3.5,45,2.32,0,1.71,42,83,1.1,0,0,0,0,25,3.16,44,2.65,0,0.92,20,81,0.0,1
0,0,0,0,25,3.16,44,2.65,0,0.92,20,81,0.0,0,0,0,0,25,3.5,45,2.32,0,1.71,42,83,1.1,0
0,0,0,0,25,3.39,45,2.31,0,2.39,41,44,0.3,0,0,0,0,25,2.72,51,2.58,0,1.0,36,72,0.2,1
0,0,0,0,25,2.72,51,2.58,0,1.0,36,72,0.2,0,0,0,0,25,3.39,45,2.31,0,2.39,41,44,0.3,0
0,0,0,0,25,5.25,44,3.89,0,1.14,40,61,0.2,0,0,0,0,25,4.62,44,7.41,0,0.0,0,100,0.0,1
0,0,0,0,25,4.62,44,7.41,0,0.0,0,100,0.0,0,0,0,0,25,5.25,44,3.89,0,1.14,40,61,0.2,0
0,0,0,0,25,3.4,48,2.63,0,4.06,51,66,0.0,0,0,0,0,25,4.24,51,2.13,0,1.6,72,35,0.0,1
0,0,0,0,25,4.24,51,2.13,0,1.6,72,35,0.0,0,0,0,0,25,3.4,48,2.63,0,4.06,51,66,0.0,0
0,0,0,0,25,4.41,50,3.92,0,2.74,47,68,0.9,0,0,0,0,25,2.4,58,4.52,0,0.0,0,57,0.0,1
0,0,0,0,25,2.4,58,4.52,0,0.0,0,57,0.0,0,0,0,0,25,4.41,50,3.92,0,2.74,47,68,0.9,0
0,0,0,0,25,3.25,60,2.17,0,1.4,25,85,1.2,0,0,0,0,25,4.77,54,2.77,0,1.02,33,73,0.4,1
0,0,0,0,25,4.77,54,2.77,0,1.02,33,73,0.4,0,0,0,0,25,3.25,60,2.17,0,1.4,25,85,1.2,0
0,0,0,0,25,5.26,61,2.23,0,0.7,25,43,0.6,0,0,0,0,25,4.97,57,2.99,0,0.61,66,72,0.2,1
0,0,0,0,25,4.97,57,2.99,0,0.61,66,72,0.2,0,0,0,0,25,5.26,61,2.23,0,0.7,25,43,0.6,0
0,0,0,0,25,2.44,59,1.64,0,3.27,36,33,1.3,0,0,0,0,25,2.95,42,5.73,0,0.35,25,0,0.7,1
0,0,0,0,25,2.95,42,5.73,0,0.35,25,0,0.7,0,0,0,0,25,2.44,59,1.64,0,3.27,36,33,1.3,0
0,0,0,0,25,4.67,56,4.02,0,1.43,53,47,0.6,0,0,0,0,25,5.59,46,5.77,0,0.85,41,74,0.8,1
0,0,0,0,25,5.59,46,5.77,0,0.85,41,74,0.8,0,0,0,0,25,4.67,56,4.02,0,1.43,53,47,0.6,0
0,0,0,0,25,5.58,54,3.54,0,0.31,28,82,0.3,0,0,0,0,25,3.19,49,5.04,0,0.44,22,50,0.6,1
0,0,0,0,25,3.19,49,5.04,0,0.44,22,50,0.6,0,0,0,0,25,5.58,54,3.54,0,0.31,28,82,0.3,0
0,0,0,0,25,5.05,51,5.22,0,0.99,53,62,0.7,0,0,0,0,25,3.15,61,1.09,0,4.81,65,82,0.6,1
0,0,0,0,25,3.15,61,1.09,0,4.81,65,82,0.6,0,0,0,0,25,5.05,51,5.22,0,0.99,53,62,0.7,0
0,0,0,0,25,3.99,48,2.66,0,4.67,48,61,0.2,0,0,0,0,25,4.41,52,2.21,0,2.51,29,42,0.7,1
0,0,0,0,25,4.41,52,2.21,0,2.51,29,42,0.7,0,0,0,0,25,3.99,48,2.66,0,4.67,48,61,0.2,0
0,0,0,0,25,5.12,52,4.11,0,0.77,17,53,0.4,0,0,0,0,25,4.47,47,3.26,0,0.79,39,73,0.6,1
0,0,0,0,25,4.47,47,3.26,0,0.79,39,73,0.6,0,0,0,0,25,5.12,52,4.11,0,0.77,17,53,0.4,0
0,0,0,0,25,3.54,48,4.05,0,1.71,24,80,0.1,0,0,0,0,25,3.11,45,3.37,0,3.27,42,72,0.8,1
0,0,0,0,25,3.11,45,3.37,0,3.27,42,72,0.8,0,0,0,0,25,3.54,48,4.05,0,1.71,24,80,0.1,0
0,0,0,0,25,8.1,54,5.24,0,1.11,63,80,0.0,0,0,0,0,25,3.52,45,4.29,0,4.06,47,73,0.8,1
0,0,0,0,25,3.52,45,4.29,0,4.06,47,73,0.8,0,0,0,0,25,8.1,54,5.24,0,1.11,63,80,0.0,0
0,0,0,0,25,1.81,39,1.66,0,3.3,48,61,1.1,0,0,0,0,25,3.75,48,3.66,0,1.37,40,69,0.3,1
0,0,0,0,25,3.75,48,3.66,0,1.37,40,69,0.3,0,0,0,0,25,1.81,39,1.66,0,3.3,48,61,1.1,0
0,0,0,0,25,4.53,51,2.96,0,2.59,34,55,2.2,0,0,0,0,25,2.63,33,3.0,0,3.1,35,66,0.6,1
0,0,0,0,25,2.63,33,3.0,0,3.1,35,66,0.6,0,0,0,0,25,4.53,51,2.96,0,2.59,34,55,2.2,0
0,0,0,0,25,5.37,46,4.89,0,0.56,45,81,0.2,0,0,0,0,25,5.02,50,3.68,0,0.43,33,36,0.4,1
0,0,0,0,25,5.02,50,3.68,0,0.43,33,36,0.4,0,0,0,0,25,5.37,46,4.89,0,0.56,45,81,0.2,0
0,0,0,0,25,5.11,54,4.13,0,1.61,49,84,0.1,0,0,0,0,25,2.82,54,3.64,0,1.69,35,58,1.4,1
0,0,0,0,25,2.82,54,3.64,0,1.69,35,58,1.4,0,0,0,0,25,5.11,54,4.13,0,1.61,49,84,0.1,0
0,0,0,0,25,4.69,45,3.23,0,0.84,73,64,0.0,0,0,0,0,25,4.18,36,5.29,0,2.74,37,81,0.1,1
0,0,0,0,25,4.18,36,5.29,0,2.74,37,81,0.1,0,0,0,0,25,4.69,45,3.23,0,0.84,73,64,0.0,0
0,0,0,0,25,3.38,49,2.9,0,1.08,32,72,0.0,0,0,0,0,25,4.49,46,5.82,0,0.42,30,73,0.0,1
0,0,0,0,25,4.49,46,5.82,0,0.42,30,73,0.0,0,0,0,0,25,3.38,49,2.9,0,1.08,32,72,0.0,0
0,0,0,0,25,3.46,46,5.5,0,0.56,18,60,0.3,0,0,0,0,25,6.38,52,1.86,0,1.61,75,100,1.1,1
0,0,0,0,25,6.38,52,1.86,0,1.61,75,100,1.1,0,0,0,0,25,3.46,46,5.5,0,0.56,18,60,0.3,0
0,0,0,0,25,6.77,55,4.21,0,0.58,60,85,0.2,0,0,0,0,25,4.95,48,4.22,0,0.5,29,80,0.1,1
0,0,0,0,25,4.95,48,4.22,0,0.5,29,80,0.1,0,0,0,0,25,6.77,55,4.21,0,0.58,60,85,0.2,0
0,0,0,0,25,10.91,64,4.55,0,0.0,0,50,0.0,0,0,0,0,25,6.44,50,7.23,0,0.0,0,50,0.0,1
0,0,0,0,25,6.44,50,7.23,0,0.0,0,50,0.0,0,0,0,0,25,10.91,64,4.55,0,0.0,0,50,0.0,0
0,0,0,0,25,1.88,44,1.32,0,4.75,55,66,0.5,0,0,0,0,25,1.75,38,2.3,0,1.65,75,73,0.3,1
0,0,0,0,25,1.75,38,2.3,0,1.65,75,73,0.3,0,0,0,0,25,1.88,44,1.32,0,4.75,55,66,0.5,0
0,0,0,0,25,4.54,66,3.13,0,0.46,14,81,0.0,0,0,0,0,25,4.05,52,2.64,0,0.92,33,50,0.5,1
0,0,0,0,25,4.05,52,2.64,0,0.92,33,50,0.5,0,0,0,0,25,4.54,66,3.13,0,0.46,14,81,0.0,0
0,0,0,0,25,3.48,39,3.24,0,0.37,16,58,0.0,0,0,0,0,25,5.43,50,1.76,0,1.08,100,66,0.0,1
0,0,0,0,25,5.43,50,1.76,0,1.08,100,66,0.0,0,0,0,0,25,3.48,39,3.24,0,0.37,16,58,0.0,0
0,0,0,0,25,3.83,45,3.5,0,1.56,21,65,0.2,0,0,0,0,25,3.13,38,3.29,0,2.42,31,52,2.4,1
0,0,0,0,25,3.13,38,3.29,0,2.42,31,52,2.4,0,0,0,0,25,3.83,45,3.5,0,1.56,21,65,0.2,0
0,0,0,0,25,3.73,50,3.42,0,1.85,50,100,0.0,0,0,0,0,25,3.33,31,3.4,0,0.0,0,100,1.0,1
0,0,0,0,25,3.33,31,3.4,0,0.0,0,100,1.0,0,0,0,0,25,3.73,50,3.42,0,1.85,50,100,0.0,0
0,0,0,0,25,5.4,50,4.27,0,0.84,25,77,0.0,0,0,0,0,25,2.7,37,4.53,0,3.15,35,100,0.5,1
0,0,0,0,25,2.7,37,4.53,0,3.15,35,100,0.5,0,0,0,0,25,5.4,50,4.27,0,0.84,25,77,0.0,0
0,0,0,0,25,3.64,37,4.5,0,0.0,0,82,0.0,0,0,0,0,25,3.86,29,5.64,0,0.0,0,45,0.0,1
0,0,0,0,25,3.86,29,5.64,0,0.0,0,45,0.0,0,0,0,0,25,3.64,37,4.5,0,0.0,0,82,0.0,0
0,0,0,0,25,4.38,58,2.24,0,1.89,45,95,0.5,0,0,0,0,25,4.67,52,4.01,0,1.74,34,65,0.0,1
0,0,0,0,25,4.67,52,4.01,0,1.74,34,65,0.0,0,0,0,0,25,4.38,58,2.24,0,1.89,45,95,0.5,0
0,0,0,0,25,3.4,55,3.21,0,2.25,40,56,2.7,0,0,0,0,25,4.04,49,4.52,0,1.96,41,61,0.6,1
0,0,0,0,25,4.04,49,4.52,0,1.96,41,61,0.6,0,0,0,0,25,3.4,55,3.21,0,2.25,40,56,2.7,0
0,0,0,0,25,2.36,59,2.11,0,3.34,53,100,2.9,0,0,0,0,25,2.52,44,3.03,0,1.52,20,37,1.4,1
0,0,0,0,25,2.52,44,3.03,0,1.52,20,37,1.4,0,0,0,0,25,2.36,59,2.11,0,3.34,53,100,2.9,0
0,0,0,0,25,4.04,47,4.87,0,1.86,43,80,0.7,0,0,0,0,25,3.04,38,3.14,0,2.79,50,0,1.9,1
0,0,0,0,25,3.04,38,3.14,0,2.79,50,0,1.9,0,0,0,0,25,4.04,47,4.87,0,1.86,43,80,0.7,0
0,0,0,0,25,4.54,58,4.59,0,0.0,0,100,0.0,0,0,0,0,25,5.57,41,4.12,0,0.0,0,54,0.0,1
0,0,0,0,25,5.57,41,4.12,0,0.0,0,54,0.0,0,0,0,0,25,4.54,58,4.59,0,0.0,0,100,0.0,0
0,0,0,0,25,6.06,48,2.83,0,0.46,33,100,0.5,0,0,0,0,25,4.44,49,4.09,0,0.38,35,68,0.1,1
0,0,0,0,25,4.44,49,4.09,0,0.38,35,68,0.1,0,0,0,0,25,6.06,48,2.83,0,0.46,33,100,0.5,0
0,0,0,0,25,2.92,42,3.44,0,1.5,45,48,1.7,0,0,0,0,25,2.96,42,3.47,0,2.3,32,37,1.2,1
0,0,0,0,25,2.96,42,3.47,0,2.3,32,37,1.2,0,0,0,0,25,2.92,42,3.44,0,1.5,45,48,1.7,0
0,0,0,0,25,5.24,50,4.73,0,1.08,30,52,0.5,0,0,0,0,25,4.56,49,6.44,0,0.0,0,71,0.0,1
0,0,0,0,25,4.56,49,6.44,0,0.0,0,71,0.0,0,0,0,0,25,5.24,50,4.73,0,1.08,30,52,0.5,0
0,0,0,0,25,3.6,48,3.31,0,1.39,33,75,0.1,0,0,0,0,25,3.36,53,2.96,0,0.0,0,69,0.0,1
0,0,0,0,25,3.36,53,2.96,0,0.0,0,69,0.0,0,0,0,0,25,3.6,48,3.31,0,1.39,33,75,0.1,0
0,0,0,0,25,2.26,44,4.04,0,1.51,35,44,1.5,0,0,0,0,25,3.5,49,4.72,0,1.15,32,37,1.6,1
0,0,0,0,25,3.5,49,4.72,0,1.15,32,37,1.6,0,0,0,0,25,2.26,44,4.04,0,1.51,35,44,1.5,0
0,0,0,0,25,4.26,49,2.25,0,2.16,50,72,0.0,0,0,0,0,25,3.71,38,5.68,0,2.21,24,50,0.0,1
0,0,0,0,25,3.71,38,5.68,0,2.21,24,50,0.0,0,0,0,0,25,4.26,49,2.25,0,2.16,50,72,0.0,0
0,0,0,0,25,2.6,49,2.45,0,4.37,35,100,0.4,0,0,0,0,25,3.12,45,3.48,0,0.93,41,55,0.3,1
0,0,0,0,25,3.12,45,3.48,0,0.93,41,55,0.3,0,0,0,0,25,2.6,49,2.45,0,4.37,35,100,0.4,0
0,0,0,0,25,3.6,54,4.79,0,0.25,100,83,0.0,0,0,0,0,25,3.43,46,2.48,0,2.12,38,53,0.2,1
0,0,0,0,25,3.43,46,2.48,0,2.12,38,53,0.2,0,0,0,0,25,3.6,54,4.79,0,0.25,100,83,0.0,0
0,0,0,0,25,3.25,60,2.21,0,4.74,38,66,1.4,0,0,0,0,25,3.05,45,3.43,0,1.86,31,42,1.4,1
0,0,0,0,25,3.05,45,3.43,0,1.86,31,42,1.4,0,0,0,0,25,3.25,60,2.21,0,4.74,38,66,1.4,0
0,0,0,0,25,3.28,49,2.4,0,0.66,100,42,0.0,0,0,0,0,25,1.91,38,3.46,0,2.29,66,64,0.8,1
0,0,0,0,25,1.91,38,3.46,0,2.29,66,64,0.8,0,0,0,0,25,3.28,49,2.4,0,0.66,100,42,0.0,0
0,0,0,0,25,2.86,48,2.86,0,2.74,40,41,0.9,0,0,0,0,25,3.29,39,4.06,0,2.33,37,71,0.2,1
0,0,0,0,25,3.29,39,4.06,0,2.33,37,71,0.2,0,0,0,0,25,2.86,48,2.86,0,2.74,40,41,0.9,0
0,0,0,0,25,5.29,54,3.84,0,0.75,33,82,0.0,0,0,0,0,25,5.35,57,4.8,0,0.92,12,45,0.0,1
0,0,0,0,25,5.35,57,4.8,0,0.92,12,45,0.0,0,0,0,0,25,5.29,54,3.84,0,0.75,33,82,0.0,0
0,0,0,0,25,4.59,50,3.04,0,1.19,36,67,0.8,0,0,0,0,25,5.54,43,5.51,0,0.31,22,74,0.2,1
0,0,0,0,25,5.54,43,5.51,0,0.31,22,74,0.2,0,0,0,0,25,4.59,50,3.04,0,1.19,36,67,0.8,0
0,0,0,0,25,4.26,41,3.52,0,0.75,20,68,0.5,0,0,0,0,25,2.4,37,8.8,0,0.0,0,0,0.0,1
0,0,0,0,25,2.4,37,8.8,0,0.0,0,0,0.0,0,0,0,0,25,4.26,41,3.52,0,0.75,20,68,0.5,0
0,0,0,0,25,3.11,49,3.66,0,0.49,12,100,0.0,0,0,0,0,25,3.77,42,4.24,0,1.01,57,45,0.4,1
0,0,0,0,25,3.77,42,4.24,0,1.01,57,45,0.4,0,0,0,0,25,3.11,49,3.66,0,0.49,12,100,0.0,0
0,0,0,0,25,4.7,46,4.15,0,1.56,36,71,1.6,0,0,0,0,25,4.32,46,3.91,0,2.17,37,76,0.0,1
0,0,0,0,25,4.32,46,3.91,0,2.17,37,76,0.0,0,0,0,0,25,4.7,46,4.15,0,1.56,36,71,1.6,0
0,0,0,0,25,2.77,46,8.16,0,2.62,75,83,1.3,0,0,0,0,25,1.29,50,5.79,0,0.84,11,50,0.8,1
0,0,0,0,25,1.29,50,5.79,0,0.84,11,50,0.8,0,0,0,0,25,2.77,46,8.16,0,2.62,75,83,1.3,0
0,0,0,0,25,3.43,56,3.26,0,1.53,37,85,0.0,0,0,0,0,25,1.89,37,6.0,0,0.0,0,33,0.0,1
0,0,0,0,25,1.89,37,6.0,0,0.0,0,33,0.0,0,0,0,0,25,3.43,56,3.26,0,1.53,37,85,0.0,0
0,0,0,0,25,3.96,44,3.62,0,1.51,44,64,0.4,0,0,0,0,25,2.72,34,3.71,0,1.39,32,50,0.5,1
0,0,0,0,25,2.72,34,3.71,0,1.39,32,50,0.5,0,0,0,0,25,3.96,44,3.62,0,1.51,44,64,0.4,0
0,0,0,0,25,5.24,44,4.21,0,1.86,31,80,0.8,0,0,0,0,25,3.71,42,3.48,0,1.46,50,61,0.4,1
0,0,0,0,25,3.71,42,3.48,0,1.46,50,61,0.4,0,0,0,0,25,5.24,44,4.21,0,1.86,31,80,0.8,0
0,0,0,0,25,3.34,43,3.72,0,1.07,42,0,0.7,0,0,0,0,25,5.82,53,2.87,0,0.0,0,82,0.0,1
0,0,0,0,25,5.82,53,2.87,0,0.0,0,82,0.0,0,0,0,0,25,3.34,43,3.72,0,1.07,42,0,0.7,0
0,0,0,0,25,3.71,45,3.63,0,2.61,44,75,0.6,0,0,0,0,25,4.04,41,3.87,0,0.52,55,68,0.3,1
0,0,0,0,25,4.04,41,3.87,0,0.52,55,68,0.3,0,0,0,0,25,3.71,45,3.63,0,2.61,44,75,0.6,0
0,0,0,0,25,3.14,45,3.14,0,2.26,41,46,1.3,0,0,0,0,25,6.02,47,5.57,0,0.21,25,67,0.1,1
0,0,0,0,25,6.02,47,5.57,0,0.21,25,67,0.1,0,0,0,0,25,3.14,45,3.14,0,2.26,41,46,1.3,0
0,0,0,0,25,4.09,47,2.96,0,2.08,56,16,0.7,0,0,0,0,25,3.17,54,2.39,0,1.07,50,72,0.3,1
0,0,0,0,25,3.17,54,2.39,0,1.07,50,72,0.3,0,0,0,0,25,4.09,47,2.96,0,2.08,56,16,0.7,0
0,0,0,0,25,4.42,46,4.13,0,0.14,14,83,0.0,0,0,0,0,25,5.38,41,6.29,0,0.48,16,82,0.5,1
0,0,0,0,25,5.38,41,6.29,0,0.48,16,82,0.5,0,0,0,0,25,4.42,46,4.13,0,0.14,14,83,0.0,0
0,0,0,0,25,5.43,48,4.27,0,0.34,21,47,0.6,0,0,0,0,25,7.17,53,5.19,0,1.04,42,81,0.3,1
0,0,0,0,25,7.17,53,5.19,0,1.04,42,81,0.3,0,0,0,0,25,5.43,48,4.27,0,0.34,21,47,0.6,0
0,0,0,0,25,3.07,50,1.8,0,2.09,30,59,1.3,0,0,0,0,25,3.6,58,2.31,0,3.22,39,74,0.6,1
0,0,0,0,25,3.6,58,2.31,0,3.22,39,74,0.6,0,0,0,0,25,3.07,50,1.8,0,2.09,30,59,1.3,0
0,0,0,0,25,3.78,51,2.13,0,4.49,55,28,0.9,0,0,0,0,25,3.71,47,4.34,0,1.02,37,60,0.5,1
0,0,0,0,25,3.71,47,4.34,0,1.02,37,60,0.5,0,0,0,0,25,3.78,51,2.13,0,4.49,55,28,0.9,0
0,0,0,0,25,4.49,39,4.26,0,1.58,25,20,1.3,0,0,0,0,25,5.35,53,3.64,0,1.1,50,64,0.6,1
0,0,0,0,25,5.35,53,3.64,0,1.1,50,64,0.6,0,0,0,0,25,4.49,39,4.26,0,1.58,25,20,1.3,0
0,0,0,0,25,3.61,45,3.18,0,2.13,37,69,0.6,0,0,0,0,25,3.11,46,2.76,0,0.68,30,38,0.5,1
0,0,0,0,25,3.11,46,2.76,0,0.68,30,38,0.5,0,0,0,0,25,3.61,45,3.18,0,2.13,37,69,0.6,0
0,0,0,0,25,2.72,51,2.58,0,1.0,36,72,0.2,0,0,0,0,25,1.91,41,2.05,0,2.12,38,61,0.8,1
0,0,0,0,25,1.91,41,2.05,0,2.12,38,61,0.8,0,0,0,0,25,2.72,51,2.58,0,1.0,36,72,0.2,0
0,0,0,0,25,4.69,47,3.84,0,2.02,61,92,1.1,0,0,0,0,25,7.16,47,4.76,0,0.25,53,83,0.3,1
0,0,0,0,25,7.16,47,4.76,0,0.25,53,83,0.3,0,0,0,0,25,4.69,47,3.84,0,2.02,61,92,1.1,0
0,0,0,0,25,5.36,58,3.25,0,4.31,46,100,2.8,0,0,0,0,25,4.54,43,3.41,0,0.8,38,81,0.0,1
0,0,0,0,25,4.54,43,3.41,0,0.8,38,81,0.0,0,0,0,0,25,5.36,58,3.25,0,4.31,46,100,2.8,0
0,0,0,0,25,3.66,52,2.46,0,0.8,22,87,0.0,0,0,0,0,25,4.16,50,2.91,0,0.66,23,85,0.1,1
0,0,0,0,25,4.16,50,2.91,0,0.66,23,85,0.1,0,0,0,0,25,3.66,52,2.46,0,0.8,22,87,0.0,0
0,0,0,0,25,4.53,54,2.48,0,1.45,54,52,0.5,0,0,0,0,25,3.67,45,3.55,0,0.94,25,58,0.2,1
0,0,0,0,25,3.67,45,3.55,0,0.94,25,58,0.2,0,0,0,0,25,4.53,54,2.48,0,1.45,54,52,0.5,0
0,0,0,0,25,5.87,62,4.13,0,0.0,0,72,0.0,0,0,0,0,25,5.84,53,3.31,0,0.17,33,41,0.0,1
0,0,0,0,25,5.84,53,3.31,0,0.17,33,41,0.0,0,0,0,0,25,5.87,62,4.13,0,0.0,0,72,0.0,0
0,0,0,0,25,7.84,50,4.43,0,0.0,0,83,0.0,0,0,0,0,25,3.28,43,14.43,0,0.0,0,0,0.0,1
0,0,0,0,25,3.28,43,14.43,0,0.0,0,0,0.0,0,0,0,0,25,7.84,50,4.43,0,0.0,0,83,0.0,0
0,0,0,0,25,5.05,51,5.44,0,0.56,50,87,0.1,0,0,0,0,25,3.48,47,3.23,0,1.95,35,54,0.6,1
0,0,0,0,25,3.48,47,3.23,0,1.95,35,54,0.6,0,0,0,0,25,5.05,51,5.44,0,0.56,50,87,0.1,0
0,0,0,0,25,4.7,48,4.13,0,3.84,75,45,0.8,0,0,0,0,25,3.42,48,3.39,0,5.36,43,40,0.4,1
0,0,0,0,25,3.42,48,3.39,0,5.36,43,40,0.4,0,0,0,0,25,4.7,48,4.13,0,3.84,75,45,0.8,0
0,0,0,0,25,3.21,48,3.68,0,2.65,57,100,0.2,0,0,0,0,25,3.54,49,3.54,0,1.14,23,53,0.8,1
0,0,0,0,25,3.54,49,3.54,0,1.14,23,53,0.8,0,0,0,0,25,3.21,48,3.68,0,2.65,57,100,0.2,0
0,0,0,0,25,5.37,46,4.89,0,0.56,45,81,0.2,0,0,0,0,25,4.21,47,6.53,0,0.0,0,33,0.0,1
0,0,0,0,25,4.21,47,6.53,0,0.0,0,33,0.0,0,0,0,0,25,5.37,46,4.89,0,0.56,45,81,0.2,0
0,0,0,0,25,4.36,55,2.57,0,3.97,44,80,0.5,0,0,0,0,25,3.27,44,2.95,0,0.81,33,73,1.2,1
0,0,0,0,25,3.27,44,2.95,0,0.81,33,73,1.2,0,0,0,0,25,4.36,55,2.57,0,3.97,44,80,0.5,0
0,0,0,0,25,3.41,53,1.52,0,1.6,40,72,0.2,0,0,0,0,25,3.86,48,5.35,0,0.77,22,74,0.0,1
0,0,0,0,25,3.86,48,5.35,0,0.77,22,74,0.0,0,0,0,0,25,3.41,53,1.52,0,1.6,40,72,0.2,0
0,0,0,0,25,4.78,52,3.58,0,3.95,34,91,0.2,0,0,0,0,25,9.65,50,7.73,0,0.78,25,90,0.0,1
0,0,0,0,25,9.65,50,7.73,0,0.78,25,90,0.0,0,0,0,0,25,4.78,52,3.58,0,3.95,34,91,0.2,0
